{
  "format_version": "1.16.0",
  "minecraft:vegetation_patch_feature": {
    "description": {
      "identifier": "minecraft:clay_pool_with_dripleaves_feature"
    },
    "replaceable_blocks": [
      "minecraft:clay",
      "minecraft:sand",
      "minecraft:gravel",
      "minecraft:dirt",
      "minecraft:podzol",
      "minecraft:dirt_with_roots",
      "minecraft:grass",
      "minecraft:mycelium",
      "minecraft:stone",
      "minecraft:deepslate",
      "minecraft:tuff",
      "minecraft:moss_block",
      "minecraft:cave_vines",
      "minecraft:cave_vines_body_with_berries",
      "minecraft:cave_vines_head_with_berries"
    ],
    "ground_block": "minecraft:clay",
    "vegetation_feature": "minecraft:dripleaf_feature",
    "surface": "floor",
    "depth": 3,
    "vertical_range": 5,
    "vegetation_chance": 0.1,
    "horizontal_radius": {
      "range_min": 4,
      "range_max": 8
    },
    "extra_deep_block_chance": 0.8,
    "extra_edge_column_chance": 0.7,
    "waterlogged": true
  }
}
