{
  "format_version": "1.13.0",
  "minecraft:tree_feature": {
    "description": {
      "identifier": "minecraft:oak_tree_with_vines_feature"
    },
    "trunk": {
      "trunk_height": {
        "range_min": 4,
        "range_max": 7
      },
      "trunk_block": {
        "name": "minecraft:log",
        "states": {
          "old_log_type": "oak"
        }
      },
      "trunk_decoration": {
        "decoration_chance": 100.0,
        "decoration_block": "minecraft:vine"
      }
    },
    "canopy": {
      "canopy_offset": {
        "min": -3,
        "max": 0
      },
      "variation_chance": [
        {
          "numerator": 1,
          "denominator": 2
        },
        {
          "numerator": 1,
          "denominator": 2
        },
        {
          "numerator": 1,
          "denominator": 2
        },
        {
          "numerator": 1,
          "denominator": 1
        }
      ],
      "leaf_block": {
        "name": "minecraft:leaves",
        "states": {
          "old_leaf_type": "oak"
        }
      }
    },
    "base_block": [
      "minecraft:dirt",
      {
        "name": "minecraft:dirt",
        "states": {
          "dirt_type": "coarse"
        }
      }
    ],
    "may_grow_on": [
      "minecraft:dirt",
      "minecraft:grass",
      "minecraft:podzol",
      "minecraft:dirt_with_roots",
      "minecraft:moss_block",
      "minecraft:mycelium",
      // Block aliases sure would be sweet
      {
        "name": "minecraft:dirt",
        "states": {
          "dirt_type": "coarse"
        }
      },
      {
        "name": "minecraft:farmland",
        "states": {
          "moisturized_amount": 0
        }
      },
      {
        "name": "minecraft:farmland",
        "states": {
          "moisturized_amount": 1
        }
      },
      {
        "name": "minecraft:farmland",
        "states": {
          "moisturized_amount": 2
        }
      },
      {
        "name": "minecraft:farmland",
        "states": {
          "moisturized_amount": 3
        }
      },
      {
        "name": "minecraft:farmland",
        "states": {
          "moisturized_amount": 4
        }
      },
      {
        "name": "minecraft:farmland",
        "states": {
          "moisturized_amount": 5
        }
      },
      {
        "name": "minecraft:farmland",
        "states": {
          "moisturized_amount": 6
        }
      },
      {
        "name": "minecraft:farmland",
        "states": {
          "moisturized_amount": 7
        }
      }
    ],
    "may_replace": [
      "minecraft:air",
      {
        "name": "minecraft:leaves",
        "states": {
          "old_leaf_type": "oak"
        }
      },
      {
        "name": "minecraft:leaves",
        "states": {
          "old_leaf_type": "spruce"
        }
      },
      {
        "name": "minecraft:leaves",
        "states": {
          "old_leaf_type": "birch"
        }
      },
      {
        "name": "minecraft:leaves",
        "states": {
          "old_leaf_type": "jungle"
        }
      },
      {
        "name": "minecraft:leaves2",
        "states": {
          "new_leaf_type": "acacia"
        }
      },
      {
        "name": "minecraft:leaves2",
        "states": {
          "new_leaf_type": "dark_oak"
        }
      }
    ],
    "may_grow_through": [
      "minecraft:dirt",
      "minecraft:grass",
      {
        "name": "minecraft:dirt",
        "states": {
          "dirt_type": "coarse"
        }
      }
    ]
  }
}