{
  "format_version": "1.13.0",
  "minecraft:scatter_feature": {
    "description": {
      "identifier": "minecraft:warped_roots_scatter_feature"
    },
    "iterations": 64,
    "coordinate_eval_order": "zyx",
    "x": {
      "extent": [ -8, 8 ],
      "distribution": "triangle"
    },
    "z": {
      "extent": [ -8, 8 ],
      "distribution": "triangle"
    },
    "y": {
      "extent": [ -4, 4 ],
      "distribution": "triangle"
    },
    "project_input_to_floor": false,
    "places_feature": "minecraft:warped_roots_feature"
  }
}